AccelerometerX,AccelerometerY,AccelerometerZ
-0.35052233669643,7.6338241284178,9.97782798793841
1.27218131308502,8.75750148038681,10.47139739744306
0.44740629680713,8.9235750114499,9.34984394490159
-0.63358925618104,7.68919670506915,9.60472624108261
-0.97357473112777,10.06562028647155,9.18580594277665
-3.19981295869684,8.7966531316121,9.37487392943822
-1.4991017804991,9.0001246828637,9.78537391820524
0.18072881723262,10.08503398772684,9.52076477181034
-4.82613413173051,7.99460922837737,9.60102830163881
-0.19197168125088,9.61032189826658,9.81637264873731
2.47601151053811,9.82193447151168,10.11966368866142
2.96371006346925,9.32191449860789,10.00975063950623
-0.21309613545659,9.69049712706747,9.71689267947522
-0.02866616075608,9.62264815384887,9.86041126901412
-0.33854327225831,9.55974004715426,9.46245438347967
0.32809544180682,9.36788444572641,9.80510411822204
3.26377124164084,9.70845648669646,9.88841633046704
4.29686386226861,7.24981816598952,9.93355492531668
-2.09668099005613,7.47525229100957,9.80686279547062
-0.45471930035188,10.00607973715189,9.76179832081995
-2.14372321385177,9.03498020749313,9.72613976529509
1.35424224606364,10.05690123271085,10.17707453742547
0.23118838085956,9.3065524330373,9.30106466959498
1.85817806487958,9.65718589675878,10.05951681476027
2.71184776323692,9.17989745316434,10.33328644200454
2.0390303017168,8.69915294123729,9.71540518256022
-1.71270023959739,9.38963136525758,9.88797564314692
1.28565723280538,8.39419273267037,9.72872662414662
-1.70794874834642,10.30209150085963,10.5127098551527
4.92690521943339,9.76744351184042,10.40731035264225
1.33072611699746,9.56565641794847,9.35860747613251
-0.62072779474873,9.62288693415169,9.85373104008534
0.90873341474213,9.47834547191564,9.8167154472558
2.4510250237951,9.57846454874414,9.64668347301868
3.64907681936129,7.81487569574842,9.70315634588396
4.76987418668861,8.36327141600435,9.55317297954554
2.24523029798921,7.48678037417894,9.53620852724761
1.93809911735813,8.99882565154587,9.25494410886086
3.46926490013198,9.44161626812159,9.40751227479625
3.47123338629746,9.42657839985335,9.48695198595324
2.49688819576036,9.38238617835975,9.87501609639571
3.66484308024706,9.01757774707384,10.37257812965327
1.18962194209318,8.03830720960986,9.7561313425231
2.84274504511371,9.51008928468199,9.67565930036256
-1.1462837465275,10.26306005973251,9.8459339661789
4.69697539974447,9.27879511634055,9.66464286652974
1.97758946591169,9.68430260653523,9.62140764867904
5.5765025463603,8.4988660649038,9.93562828595855
1.47087771046212,9.49238043821809,9.87491197367564
3.15273387496428,7.55796944365776,9.60459539848337
3.14600551036297,9.57196446994853,9.07727657300162
2.26265445866573,9.00913288894294,9.96801465211238
3.70760169811983,8.81939365180746,10.07922591866727
5.85133649483701,8.94989156238425,9.63716814428236
6.27544154665066,9.50903969947312,10.09279285951724
4.48949460559194,8.87256892811708,9.28859564003756
0.65550059591747,7.8373572915005,9.78147063756708
0.51780392428586,9.80246255604441,9.88639820586239
5.37582499726285,7.18438007012901,9.60226812794838
1.75315520133154,8.44541374392391,9.65976140855272
4.87749992614925,6.74060301518243,9.7364329929649
3.67397912563547,8.95912058549456,9.91028619320096
5.9610197811013,6.24127030131262,9.76134130103081
4.13008778773716,9.65200780887292,9.274948299815
4.01226188033393,9.03037531134113,9.94966184013892
7.27398799034093,7.03279504580921,10.00763224309216
5.81923061148752,9.43371954582995,9.43075134816442
5.05418580286308,9.43946734287697,10.01368757794357
2.61928798431786,6.82658394920524,9.48734788688887
2.08839455168266,9.17353410298858,9.86618320120557
3.52653322409865,7.22740000128244,9.72948746725656
1.3394930049611,7.67624137679946,9.51617653659827
3.49413045601509,8.46279691339143,9.3249968286406
5.87510625056483,7.73373835085461,9.55790233547666
6.1397898956197,6.31603816933885,10.35011801571376
3.9466683017459,7.27297930881916,9.95861836482682
8.53065251322976,7.0234397314562,10.30977313363473
6.62797589441333,8.63470843825855,9.73064494408656
4.51811635016572,7.65046297456576,9.85559449529948
6.6360474170307,7.29520764093771,10.30056372582522
3.57636346731454,6.85011297123186,9.55742285874487
4.61605510830908,9.33964468297895,9.62114884960067
3.87369769263373,6.34470032589337,9.37961720750995
2.77817315866072,8.22551741296705,9.70124696814826
5.68241474156161,3.52554919305496,9.74821424046842
4.60598738044291,9.0130398987437,9.1986843627554
5.13961084018912,9.35630094866858,9.76263089475758
4.92332631376931,8.771467904558,9.50079555617121
3.24721487640366,6.52181282446247,10.06184406110435
7.50903331931782,7.46380270922294,9.37184415364221
5.50487535754036,4.81147333529587,9.9242240696487
4.4115130736997,8.56829458960493,10.16642555440032
3.25580228365844,8.58157011312514,9.78112038809796
7.12761582344356,8.60678201255888,9.24647821201442
7.31753580227993,8.56969922136685,9.83475117361874
5.31376639686183,9.65194359612909,9.93995408982722
3.20078296516095,8.76897134000051,9.91436944187485
7.67202456041339,9.43889982841099,9.79876575911141
4.76783743983789,6.06684425807313,10.16888625603443
4.71194480619641,4.31205482016488,10.33264517212774
5.93189305005066,6.73377312932491,10.11114529873205
6.46445452384798,8.78045417215199,9.82496957145231
5.66690241337053,6.2417696339186,9.82288291282058
-0.4368059760974,7.57946047439214,10.36072585764194
6.44900975304472,5.64986446538265,10.36900284059364
7.45854369159194,8.53953103357974,10.01564446336548
3.88626873122267,8.65488428238624,9.54705645766475
8.33968965828003,5.69392839684862,9.8041169430635
7.13723542054305,7.5443078721628,9.71522841219449
6.71767627094908,5.85628089882261,9.59350906561623
4.58009750671054,8.43550758206528,9.91475235378479
6.37632691792074,6.55712510657526,9.66154425375285
-2.48630659908802,18.74690735891277,0.79438029648493
6.57439675854828,9.03110955229924,10.08954799940693
7.47752817453523,7.32435259224828,9.20924995471158
5.61147416288045,9.13104078656615,9.42906768272785
6.27261013262433,3.7607396846227,9.4850870823788
5.73159754509387,8.69096108880494,10.19391301700422
5.78268283263031,7.60684337149322,9.96105594486796
6.27748622222144,6.85122348235047,10.0003721430222
13.16650421587341,-4.7629650459535,16.77671683777958
6.39601609230237,2.7248473257025,9.43746746549106
19.80625344877704,2.07943402530771,0.7660507401905
7.86754746196221,8.08915193937048,10.00062895651232
4.54165883337878,7.82309968364781,9.80607459951973
7.94747278980234,8.03335615286598,9.92035463437937
7.39708657338754,7.56723453451754,9.21246577966021
5.87738840272313,5.19276546912953,9.62796812879121
6.36597855991852,5.94557855045737,9.66262741917166
7.07503770411521,7.87185150687211,9.44838323792289
4.57539913408522,6.74087245521211,9.56276894106254
6.70651829226721,9.35667736680571,9.6797573237001
7.88006724798137,3.78383859558598,9.83865200718696
5.69254958452484,7.40480217118833,9.71834583607749
5.48948973193274,7.43678969550858,9.42200955085877
7.81385577334336,9.69587986302701,9.88354369717404
8.74950219559058,7.42379229910666,9.89732127989196
5.24135404389364,1.75243407524059,9.91291477142615
5.88312310272341,4.67994992680047,10.00844949384485
7.12529822917823,3.29603112432686,9.87852866038211
9.84652362597977,6.02530091719072,9.8440233078108
4.65029856089073,9.70325665991596,10.15526465859343
8.51442320045687,5.72530817040451,9.949281229477
6.96597429238194,5.56097387271347,9.56015882968688
7.4728748947565,3.76355336676963,9.76462141187735
6.15686087113399,6.68929728250626,9.80925491695785
7.23281777031252,7.07577942724538,9.91667482434078
6.50573574075987,6.21087584260532,9.55196702881848
6.97994227648316,6.26805822472448,9.48028774003309
4.28352175687592,4.48617899494706,9.68185517742569
5.95362461783078,5.54661740889982,9.71012462293118
7.88413790824098,8.16685711602415,9.7120416241373
8.92655596950613,4.05404660169472,9.63481187112239
9.13412978035418,1.35783947508574,8.09437234635083
9.05698883307526,5.84794781280862,9.63623001833328
7.83078214807469,6.42474056838833,10.41116837635385
5.14917628398824,4.91173818323403,10.01313143769706
8.51468120693085,8.08240624493601,9.87621331003189
5.77218127597985,4.97784397576978,9.89382668085036
7.4159703472497,2.95283947960532,9.68572847784894
9.26303484064266,4.82458882290858,10.07944601249855
8.28204534565489,6.70443784839062,9.65605019216432
7.13356328329853,5.72176520828918,10.09536723927597
5.88715905827528,3.83112700433082,9.43271560050993
8.0907644858861,3.3662593613535,9.88158568616211
7.67837594670708,0.65173350387783,9.91941067650303
9.24941705151712,8.46430680537687,9.63471157576122
5.38228621700802,4.16735170531616,9.36598826561153
8.55979133333278,4.21999727739502,9.32594277592257
9.55778722418341,4.96863197916073,10.05521867000367
8.66979434560327,3.73915166208863,9.39553061196944
6.79928942322821,5.85051324367664,9.90161668517567
8.07281701960935,6.60542117344031,10.09713146076836
8.78639803014156,4.03459878532755,9.52977462017754
8.23594091275528,2.18844812144067,9.54155792517951
9.36121992836701,4.15407261961284,9.5426403790038
9.5458568987377,1.1245872383041,9.73791436379068
7.89473964596036,4.72639721917454,9.5897202995977
9.78080265409979,2.59966734154854,10.24688669620844
9.02361893076568,7.60305885941581,10.0197565178109
9.22190650244525,-2.11429056669592,10.20940776749361
8.62101502029525,4.93238493223333,10.40221377266542
9.28316131430992,4.93793491932707,9.87737508512549
9.17741805744311,4.27963700621125,10.05150116084719
9.82595723144917,6.29630926765177,10.42700975528033
8.54053753090661,6.75536927867696,9.95104174666966
4.76790073292202,3.88169733578834,9.50110463084311
8.82389443951711,3.26016063757898,10.24727609277276
7.12514503741259,2.87459426005036,9.60507217525986
8.77577515997335,3.17720674383652,9.50960605470909
6.47004598351043,3.70042151249764,9.5121219158402
9.39479384643751,6.15328616461761,9.86431644232527
8.97888570836889,4.92878310328408,9.28673568535885
8.80215621095962,2.79749496684491,9.95789568302628
9.30956139955324,4.67810568006182,9.99842442349937
10.1271338417993,2.28264843793912,10.28569980607365
8.66631463485896,3.59806845883102,9.77294394628787
9.63300635540463,3.33274313293072,9.32599974995802
9.38351562615713,2.01604798638195,9.41536493869068
7.8209377468667,1.73367135891025,10.05310675538565
9.76147874218982,0.77704929019765,9.97814473289204
8.65765460679837,-3.03341328204772,10.12419369473767
7.98830201508803,0.56090758687774,9.89770615957983
8.6155603898072,6.19059700188226,10.12436688294208
9.23962367217205,5.58479705236798,9.75676755501841
9.72903081479229,3.59489895171222,9.63683783830828
9.31695598143046,4.36364921586274,9.45773555046781
8.02299543860678,1.65679481530041,9.75242108243104
8.61248179624374,0.62506099433242,10.02348283724084
9.77537636970593,3.57973126259727,9.93845848632644
9.0277695342634,-1.1319488421304,9.82192737056244
9.04408589703224,-2.05358459463498,9.88770624092773
9.11225559395892,6.84571611582847,9.80615957900539
10.64514414002944,6.15840897768156,9.76734161464264
9.0990471732093,-1.35399109071228,9.78720466271733
9.10103707435059,-0.71526106618038,9.25095354675877
8.89292327474432,1.12252047252667,9.84422545637495
9.79194770904803,1.88389690120789,10.15130424393398
9.67492728454401,2.05154494755826,9.39781519845425
9.35655854258098,0.60263984829932,10.15268815931978
8.13629800730938,0.81578653690944,10.24290837884057
14.93051981659514,-10.40949623007207,6.63209056978572
8.84023311094446,3.35318830269712,9.55249994143815
9.80452053487402,1.77003897265234,10.35018294790553
9.00564104879199,-1.12609051990573,9.80587220080661
9.47566762954738,0.67895659868161,9.51031183043869
10.12230571827601,-0.46292071236695,10.135572930024
10.12358496286205,-0.2690571313245,9.90930321978477
10.09112982723172,2.17857786927313,9.63692743745342
9.35899637155312,3.58785831165698,10.18457397278886
9.27980553422089,3.38569388851507,9.78671772480102
9.11322002080274,3.9481285726997,9.29322196572945
9.31177684626999,6.57505281366606,10.05758648777019
9.00958517964803,-2.02310938932266,9.59423814599148
8.97684304882953,6.06637367497654,9.80820261330425
8.68343379941041,-4.33220681228748,10.07586583309127
10.10082345469165,2.62411210695907,9.73115978633205
9.29998207043957,1.38039132745831,9.9872972732033
9.332214859969,5.05609273229089,9.60599820814211
9.23975368059161,-0.27085820986534,9.77343429240026
9.40425441605882,1.09311219163564,10.19313235374967
9.71075672421643,0.71208432261575,9.70622351260558
9.68856266453842,2.76465689413595,9.59948713106305
8.67454444826461,-1.25629101475967,9.50174927891314
10.01700058606627,2.57846033858356,10.13050165850872
8.78817861873747,-0.28670418569822,9.6331573700355
8.77820324983812,-1.06204233293585,10.34698121809297
9.55246567455684,-4.12214190079126,10.43424105982319
9.31261452620472,-2.41000164912957,9.81887588384583
9.46560167967275,-0.65396256333436,9.63740659884232
9.62117454842873,-0.19009746045603,9.61765060813475
9.69321861342946,-1.0172475690974,10.17448338619578
9.7018195599977,-2.40046330150684,9.80056009880996
9.38697006372467,1.61994254386204,9.80374272764796
9.26290419598594,-2.786132611226,10.17920323530695
9.28246362239508,2.06875032560868,10.07711421472821
8.84451202575542,-1.38081254335647,9.59973749618867
8.9521489222117,-1.71486999274333,9.75063135991771
9.21526020495079,1.42203883603116,10.05288069901953
9.41213768961689,4.15790274532837,9.99318942218468
9.72968760322058,0.10558481551566,9.88498575787139
8.97284413630769,5.84251643061613,9.59381596734185
9.4179875792728,0.08254569136567,9.64211416184074
9.72709552450528,3.26043135279056,10.20818188335961
9.45071868827968,-8.07379715975938,9.49280783781086
9.67482547494666,-4.14138616578504,10.18874810727983
9.25251110725011,-1.504200991869,9.78362269173692
8.71551921177486,-4.64155410518058,10.34130145129987
10.44583259817432,-2.4275595526512,9.89151936254969
9.14965027566341,1.84162801325625,9.85108494316534
9.58166428104503,0.7758872402802,9.85640128231655
9.30189439247604,-4.08101824812982,9.57076392156541
9.91794179246652,1.70269513452107,9.86598561995529
8.64993190527011,-2.98646092329453,9.90058489736954
9.26446282864257,-3.30782198504437,9.96552074819658
10.25251948175073,-0.99350240890105,9.83575457302951
7.74166565831018,-2.23259945773452,9.53680608791648
9.24814746207137,-3.61827238736598,9.74213884172458
9.52939932559808,-4.13832529857766,9.45528697071644
8.81225533674594,-2.96599875481742,9.85645313255494
8.93172915696258,-1.76053517152948,9.88382997185468
9.49148843299581,-3.80309044214922,9.42172388844206
8.69403794468308,3.58605570169405,9.90630298139086
9.25611425095171,-5.21850628565176,9.83719717747363
8.68514468033886,-1.6334880872958,10.04653284583066
9.40484091940226,-0.00260026603683,9.4703566855774
8.85483651976411,-3.9276152191528,9.34012725251214
9.1507796043419,-3.52560701641734,9.43062367378391
8.12522026873209,0.47328457379759,10.12330159428779
9.1410409846201,-2.23135881199128,9.69916712314413
7.61630148076075,-2.33089102929944,9.36485318185285
9.50625386009508,-2.21631160434162,9.85237036988732
9.38415213221995,-7.05210747859449,10.41761277563234
9.14080341188639,-2.6851822568918,10.03467519723277
7.87660615548528,-2.44685228826827,10.2617074890047
9.12944832400359,-1.00103181275528,9.60327021575055
9.74706820912447,-0.87416021045363,9.98931854161966
8.69807401858334,-3.79629660131402,10.03343620372584
9.1224373391854,-1.01283521693838,10.12762566897849
9.17316737976881,-2.21489666528154,9.98833741733862
8.76548388577662,-3.38420686587719,9.7905683242705
9.09982309587651,-3.02682428597677,10.08624625469598
8.82106253041385,-3.48561631978511,10.15135460505433
9.02964911808157,-3.64245417435426,9.64737478895338
7.97501698893858,-4.9498277763105,9.96860732305616
9.17168807874814,-8.85986353611076,9.96144602203167
9.35406865653782,-6.39925016527736,9.42050258011241
8.90310451063437,-2.55046645647481,9.41522164545826
8.03877042858244,-6.205005034927,10.16641412769338
8.80675821616936,-0.72146710776478,9.48923513646729
9.78925364678138,-1.34938633737558,10.1635210194339
7.36562733942738,-5.38718112673192,9.90155013593157
8.76143879267432,-5.44170698744666,10.08575571983143
9.17183699315314,-4.68657863605463,10.35449305521214
9.09623487753862,-2.78371936492394,10.01783644052863
8.63003610380307,-2.39437057917454,10.15301825922255
6.84198660285644,-4.54833918620251,9.67839661240258
8.49751430219538,-3.25688926989985,9.60866228534687
8.26025815308442,-6.25378589530126,10.29869024269685
6.97314762520677,-3.5100800303522,9.99958682367758
9.18219702149074,-2.91470298417514,9.75725745584219
8.26506571786835,0.50586954473298,9.96190237484627
8.32388811704048,-6.2188323433822,9.76064453133638
9.40861809051324,-4.80111760836892,10.32524699016467
8.6814164593265,1.71549582593075,10.05082217227249
7.63977356191501,-5.17681383382381,9.22869696746422
7.7671878097241,-3.31159832825282,9.63570925042745
9.05059469337406,-6.56974553693867,9.8202124323543
6.28316063005672,-4.07084287239135,10.01145206496992
6.76145561545587,-3.05456333525836,9.62759908710604
17.28273078790896,-3.25049956911832,6.26639342858829
8.75401850905577,-7.92941641593404,9.91558579263708
6.95769940815749,-4.46291222129141,9.89319092885085
7.50265614035561,-5.21310438039046,9.93446616069261
7.69461294226591,-3.59044521221426,9.9080178798748
7.56140967884535,0.28002988598925,9.32135954943406
6.9518148688936,-7.31383532014184,10.10108084993795
7.46445004318782,-3.23750703956188,9.76371274889659
8.7390016688589,-7.83446050293111,9.96677384290709
8.27722392123586,-6.63969432558194,9.92979456584214
7.9845623542646,-5.65284655225226,9.9561579298272
5.2103795829451,-4.66245737440335,9.30732169491823
7.99435847985653,-7.16028521187715,9.8416072810368
7.70954001061276,-2.82819280221346,9.75173688540542
6.79017110450908,-8.32042023694918,9.70388996436054
8.22695486702906,-5.54146788117665,9.70181150977235
6.5068835635938,-7.9054472994219,9.55803065795028
7.79463867724495,-5.08090969115268,9.53594081367296
6.53264831455598,-5.90174491330316,10.1340988170126
8.88406557189083,-6.16897904261976,9.93809823578692
4.10997578440504,-6.98259788479432,9.72643487153575
8.12473200913738,-9.24198580073608,9.25283572143299
7.37047841196696,-4.5573705733827,9.91819608112203
8.03586170326272,-5.20918324333127,9.84195018684381
8.06296731804396,-5.39948145561821,9.67129053361551
6.9373852528876,0.20383643901345,9.96180384561777
8.38993974158729,-4.09342562214022,9.49974388080485
7.40929150952728,-5.02998268652507,9.95148534206896
8.29937523553612,-9.06335380971493,9.36389848590328
8.18770792352289,-6.45555448925948,9.34838015947635
8.02557415967557,-7.53943745393894,9.59858933306552
7.04521481574338,-2.09195814586816,9.6007386304872
6.26517314120005,-5.92619373651494,9.54545940499545
7.69442085691016,-7.88240728487235,10.1687512480043
7.88957108954736,-9.32262897323291,9.9042525808254
6.31282043947979,-4.69760666491158,9.42694527724466
7.36029915972849,-1.57066575960697,10.0280649842954
6.80426772139745,-4.23877321234118,9.40236975882623
4.47191936914604,-4.71422420481653,9.30192522757984
6.1447754128253,-4.78473350224287,9.66971181809127
4.07479044297171,-8.06497902516369,9.74933727172927
7.64930040465167,-6.98827947970737,9.72296947867598
7.14950875208043,-3.85988502974935,9.15765285513882
7.58604751407463,-9.44949762893616,9.31274822241798
6.2497408025767,-9.52317667324372,9.55021163896362
7.05892839860263,-2.38680191857567,9.53854964864787
7.0880716599906,-9.10431175598279,9.84425981265504
9.61634843244955,-6.63457185160862,9.93027615345249
4.32063568484104,-5.17079148217364,10.0757176408722
6.58664874694707,-3.18665337048657,10.40277656553387
4.07211352325593,-6.43942665481532,9.69813655803282
6.87043974946477,-5.71663213060592,9.07844406042676
5.36672193084328,-7.41644522982782,9.65880443982536
6.45110653040448,-9.87868941789059,9.7613715045502
5.70893004913154,-5.66922203448242,10.06401010293035
8.1045144774627,-3.9709342025323,9.01853130060018
4.51395693166698,-6.16035376329526,9.5230714918993
7.0135798575958,-8.49909213717094,9.34721961557778
5.53088866230972,-6.57500010054246,9.48285275064208
8.16062861581424,-8.68522088106992,9.41872563484801
6.9484989386206,-7.46467404820107,9.80741737316529
5.48494600074793,-7.74020107694342,9.78551126758177
6.10148861427976,-10.11178100383242,9.83778983448109
5.50235267166266,-5.63866377223897,9.47619157203262
5.85948858918234,-5.56609512475527,9.89156867629353
2.29811914044567,-5.52476647411752,9.82493375216574
5.10943105573715,-8.15351419937488,9.46635507352284
6.10401171653245,-7.81732133707029,9.53482532029081
7.06401406701946,-8.6991705654928,9.92957439163525
3.59764113845771,-8.0572333702399,9.58163515156246
7.09828157801191,-7.14901575617324,9.42130460282445
4.54933561819653,-8.89347596670644,10.06298515446838
6.8707947301741,-9.01950361536428,9.92573200734465
3.9314626272492,-5.37809677057354,9.73379650323057
7.118119680378,-5.41157234601167,9.83910780511774
5.01047988059083,-8.288126745609,9.61076161133597
5.26969563787179,-9.82788592255864,9.95854420592298
7.10527176008488,-6.08201240293336,10.21260675845864
4.43000908372492,-7.57128919668964,9.6594240836649
6.20292020322824,-6.42990374591486,10.33266139328175
3.65940765434303,-8.49190062502945,9.58107284372042
6.64540949618296,-3.43024047048863,9.75691939729037
4.26679982076015,-6.0784566797359,10.17528815687619
4.64866772957889,-8.98406524139071,10.07509901901094
5.53862187811435,-8.30185886314749,9.95105851552518
2.53029966673823,-6.77089106863582,9.8230603206918
4.73374408292682,-8.28271596717452,9.24148274456374
5.25523987980571,-7.84525262444499,10.21628695525055
4.31113390081394,-8.83606980354214,9.74477145430146
7.23043498928533,-3.5117670244856,10.01619407521106
0.19234022748083,-6.72486291590435,9.7119064112161
6.51711709657396,-7.23875152397454,9.68207284093382
3.61899059877767,-9.68318949959348,10.08657546957114
4.21448242774905,-8.4955111652687,9.18098377142523
2.54371195607635,-9.6396898292461,9.96877372178178
4.2082571239496,-9.84929162397922,10.10093671026013
10.61372866581448,0.67926686438878,11.92735001884773
7.27276843290862,-8.2701000658604,10.07070013526826
7.38855313927166,-9.66503810799891,9.9439644174398
4.38737868274499,-10.36784211679245,9.68738112785935
1.76792943301801,-8.85342822993405,9.27700576254394
6.52966997400048,-7.74722903641494,9.68385165423108
0.26808872414352,-4.47209162724724,9.62563803902039
2.08252644198695,-4.43016768802396,9.41556833072484
6.15329999823501,-9.52268926685748,9.7342992286768
5.90782699270584,-9.44451466985058,9.26201591093793
4.81026955733075,-8.09376506852122,9.75463218792897
3.28378312871457,-9.1727949163607,9.49960015615394
3.47295997974493,-8.78677107147741,10.28193285946922
3.90700113099271,-8.61198959680733,9.96138060806095
4.3978637239314,-9.10880068318187,10.00737236286934
2.88325943978996,-9.84277408153854,9.79378499288251
1.88174390293561,-8.93810661385981,10.02837766745871
4.05082206818358,-9.79123470010197,9.47561704182714
4.41943914885701,-9.43187118029352,9.79522209227062
1.30710230040288,-9.03826093795262,9.31501163868097
3.98783995526935,-8.84099020094144,10.3982360239601
2.36924872515023,-7.31390708150963,9.6413204914737
3.38982533963706,-10.61670496936282,10.11136370828407
0.87468644187624,-9.31956456159877,10.03192112749251
0.45688151401416,-8.86731722818869,9.64577920400067
1.02433808592631,-9.20583697350698,9.50332661922058
3.87952708127574,-6.79837278665259,9.88682652451271
3.47492518310895,-8.73170781195448,9.88282182552449
1.06539904456172,-8.59743606670152,9.70527668606248
2.68401097053743,-9.12164999426667,10.04956574414657
2.56437627587972,-8.55927579218513,9.9624351920225
3.73284541951613,-9.51566609826184,9.69264386735038
0.09815828349157,-9.39091830409516,9.72563926620088
0.58139908084367,-9.16797428974028,9.73169639393621
3.19202483777431,-9.8863105638007,10.15302085419182
3.81492441297301,-9.66167779394424,9.7196164605245
3.63875584419054,-9.64888939022886,9.88101182227796
2.4060924413615,-7.70693838208218,9.79066183916315
1.46500099778328,-9.06024643058232,9.56079105721075
4.2512855469678,-9.06886926428695,9.73339491853365
4.20343769896646,-10.07981423521002,9.60970525626632
1.94172771261115,-8.41437314598073,9.35816915786307
0.09258345631303,-9.10138460571312,10.3572935910269
1.56693395685277,-7.91962863549862,10.20727556765874
2.1533038683668,-8.92412621366824,9.99885452530164
4.38145098395813,-9.97145451617976,9.65686551992545
2.91458974740322,-9.56062211988886,9.35122259139989
-0.69608265962989,-8.85239523984443,9.79160944709132
3.8117373436077,-5.97794160202496,10.33939857360786
-2.15575386734725,-9.51402446887173,10.02813036136687
1.13632520262867,-9.90861567438689,9.70151221543941
4.52996931689566,-9.41466219892633,9.49805447696924
-0.00103014837675,-8.91249257381029,9.60508105779866
0.07214303464839,-8.85002745823884,9.4107711356933
1.60387784468597,-9.6825657937372,9.6049667115282
-0.80309766216681,-7.90342605338308,9.8933991160519
1.69985897415293,-9.55780125834684,9.44725235905338
-0.61685879592989,-9.45812125763814,9.97821443495206
0.95696202108514,-10.55436232063288,9.62672181018908
1.50456331483894,-9.65199100774305,10.13976264815824
-1.94557095664107,-8.01640343360376,9.52260791411613
-1.02196174107433,-9.70803077938469,9.7479047998828
2.73480834083074,-9.7340232355618,10.16792483322148
0.03590315864675,-9.66656744588716,9.92138942358243
-3.09612337042585,-8.91188573859886,9.85237798363227
-1.51796061717398,-9.08011192949626,10.0123252516397
1.92333513462504,-9.6086264375094,10.20075443528045
-2.83857970795789,-10.02484247065111,10.13513565557313
-1.24759859092985,-9.70060531041889,9.85937758651867
2.33721266447572,-8.95163258942735,9.33305312819992
0.02327533542901,-9.64793469621593,9.83776381661939
-0.85516255200589,-8.31836115554768,9.30466996849455
1.83828772934334,-8.57496541388836,9.99249373727444
-1.72013672482983,-9.59324688895172,9.86756187802016
-4.13028628844389,-9.19897861270906,9.73725378770578
-2.79109141264113,-9.54048293593782,9.67159565119512
-0.50715763493755,-9.50927737444768,9.68230723176302
0.77830933057055,-10.29309441639892,9.80125686077366
-1.0216649064749,-9.56093952588773,10.04018682204824
1.5508252834052,-9.7660494632915,9.62173167505213
0.27954506348635,-9.60464657743489,10.03968400764206
3.11970710882364,-9.35174796280431,9.8165375215101
-0.89289177777444,-9.47883726859873,9.78575253025415
0.55118690459221,-8.71173521151838,9.33426716770484
-1.62322023694623,-9.43875059505762,10.26931319070456
-0.68744465659854,-9.01864616552668,9.94883212510683
1.3323889949265,-7.95197019005751,10.52978575500405
-1.35432660408679,-8.84337857973406,9.46907697230234
0.59507378966458,-9.4548798814504,9.98282761885175
-4.02650754073501,-9.22753853763999,9.2124273329036
-7.82863490746736,-24.88328283287448,15.58532468727043
0.13049454494805,-9.60451039214003,10.22489759002651
0.99996256076571,-9.27670632366924,10.02339650487804
0.59083365749977,-10.56141031525914,9.72012276223523
-1.38497414059111,-9.4622674426042,9.54630619934165
1.34609969227176,-9.02191153742061,9.69875184825222
-0.97870274586522,-8.38304869051467,9.15088874115274
-2.6607717670581,-8.27459185270952,9.16076384567118
-0.98757135919874,-9.08872378128471,10.07425881469294
3.17358731671189,-8.84235171754329,9.66741692581971
-4.05120425825366,-8.13345448910864,9.57885357846086
-1.93298428601289,-8.94662199850668,9.88000170182564
-1.82429539359439,-9.67092168912183,9.8639852594037
-1.42949246907622,-10.17838909608072,9.91221263958597
-3.19065511042632,-10.21458681273831,9.76665568997702
-4.27859116084918,-8.92021923779406,9.68167331365337
-4.0808822350142,-9.55119837693596,9.99922922715856
-2.39693097391094,-7.72685730030294,9.99202096259794
0.49647012632085,-8.6378103033198,9.96353143348964
-2.60278648850258,-7.75114061920356,9.70534195453836
-2.42417308980722,-9.43749773465089,9.73719668012038
-1.05044901370092,-10.3019437185704,9.69755739772968
-0.69384144488587,-9.79730773394708,9.43677035980373
-3.39694874953038,-9.33836295984371,9.50415566107627
-2.5285830334458,-8.15523829022702,9.4804568036345
-2.03839988875015,-9.01266849572815,9.94556567424525
-4.99291820621008,-10.300020094395,10.0986779882435
6.00490798310066,-2.77816803444367,1.64433256575059
-3.58760643627576,-10.09148992697696,9.66767517926044
-4.55676176755715,-10.01116105232446,9.95943188991296
-3.70860280968533,-9.33358549066889,9.63491866172447
-1.6887798992956,-9.0858138757335,9.97451763071009
-2.00512628869538,-10.04071657843129,10.0195696930501
-4.28766688847801,-9.46819995917356,9.94020345102777
-3.99700540808002,-7.74195973164156,9.87640788929304
-4.15838270354526,-7.84129625517312,9.42551323139948
-1.24790095550951,-8.18017257201544,10.07904746959231
-4.57665907898892,-9.53691074316813,10.06312803160416
-2.65491638224718,-10.14799194154608,9.78761955397215
-4.12856637837245,-9.61720606156851,9.83092036252723
-1.93281055029896,-7.26601716724131,10.09703508845983
-6.15290415942174,-9.54438791542847,9.75354857133149
-4.12841516795482,-6.77907826178275,9.56523565842878
-2.43946265160672,-8.91442078134343,9.41415895861217
-4.96884174570321,-7.70270012317146,9.5902480611733
-5.42950624888467,-9.2915653670835,10.1316483765577
-4.75194498871304,-8.83289332909902,9.91963299497019
0.58755585576014,1.11696727296763,7.02208235498538
-5.57323780377041,-5.33025291094038,9.63547051267812
-3.56732485480473,-7.57872170682256,9.2704125023181
-4.20654448437798,-8.45715289896808,10.29646545933566
0.22546873524429,-9.79202371709164,9.5494984124295
-12.0192357018424,-6.22261625911238,16.25943405015515
-3.77722971807655,-7.12850551100936,9.4729755997066
-5.15722058903955,-10.42859080798579,9.60463668756976
-3.70587871696065,-9.0355840383823,8.98860892846648
-1.42607056822227,-10.14483684470894,9.84445756201988
-4.58709779337225,-9.2492114629576,9.77079138977859
-3.80998789946884,-8.80841668421355,9.78710967056398
-3.70564900185964,-8.96079267987415,9.91851592936277
-4.71397986073117,-10.04655946554644,10.0515525745593
-1.35945804273589,-8.32496657945637,9.71950069362327
-5.36677630736973,-9.21496222967862,9.67311931393232
-3.89061222201391,-7.45068062200054,9.84829932249778
-4.07286081096826,-5.61159092655176,10.02203579932763
-6.28451738139612,-8.32612698418352,10.12032773718957
-4.17096377167706,-9.92009804257477,10.06523469736221
-5.32570966298316,-6.97146217515246,10.18895025828391
-4.67431663241517,-9.84153012768595,9.51308570165685
-9.79376594358568,-8.43867636853318,9.98011408146528
-5.99079940038142,-9.01756767370729,9.3819253020078
-16.72025221223138,-2.78810337940002,12.44568080433264
-7.7729734026095,-6.70767474208162,9.61666093513946
-6.29184235009588,-4.96849839684077,9.13084427181787
-5.34464142896654,-8.80892366584049,9.8250362928373
-4.93806075170986,-8.30010214522957,9.60133855286409
-2.91409920258992,-8.4883410329905,9.85623604739534
-5.89348063640561,-8.59614803189845,9.60109000646118
-4.30133768482568,-5.66741869308971,9.83191259708466
-4.13727935281932,0.55554408341098,9.62976641287689
-6.78322578905792,-8.82576350801396,9.75356296108747
-7.71138248033014,-6.98518856404027,9.5629582426301
-4.85550060772191,-8.10264874639223,9.63423550613469
-6.16780224744121,-6.92777603996348,9.58766520483032
-6.040782253098,-5.85499785087946,9.80541626113549
-6.75853626396491,-9.18785316878738,9.52405858293229
-4.91175768668578,-9.11469631230862,10.04728079755753
-5.53387493320645,-5.65705396619167,9.9029584102323
-4.25726905229468,-6.37512175849281,9.75759115551914
-4.09378782408698,-6.79609210299434,9.53052748987962
-6.62147468411422,-6.05009636290632,9.54854721147454
-5.6829438699148,-6.19803580033406,9.83247017572639
-4.28529196124918,-5.37420267749656,9.94939670718906
-4.09591358548916,-5.49275700104704,9.50518762638693
-3.33915910844897,-7.80935334392503,9.66892473131943
-2.8261006559094,-6.66184089215989,9.62732350433913
-6.85072371754965,-7.92124672557083,10.08399276362707
-2.12345669196185,-8.25967161445549,9.69628412269568
-7.32032866480151,-7.32428580141461,9.81951023721916
-7.14731171261732,-8.06526659033376,9.93221280192226
-6.27880670252781,-9.31181459280457,10.28872064083164
-6.55616816556775,-5.33804203018679,9.43670358565697
-6.25040999048038,-4.94638300753804,10.01848327402095
-6.86701931715133,-5.68451907322888,9.75691835467961
-7.42939407510212,-5.26791915106755,9.71017761077839
-8.88070840712347,-7.3097205479027,9.47927338661146
-8.26659142965357,-7.72980460758396,9.63392284481672
-9.05877302939097,-4.77667551085336,9.55335184587946
-5.52279544566093,-8.67742297563258,9.99277535452678
-7.09607691560416,-7.80900680223337,9.58846062330488
-8.021649942014,-5.9040403960232,9.62958042225076
-6.39219091762343,-5.65508172264144,9.84608995833351
-5.72095779842313,-4.52556563637188,9.87457855316336
-6.43762656171964,-9.50237069182539,10.18676189588555
-5.73089005438626,-6.65320449444114,9.5995013017368
-4.46564275783525,-7.76607399323212,9.56996204792131
-7.68369722331982,-4.1889654935859,9.61845288377887
-7.18203571769928,-2.47643697021643,9.51396713304576
-7.38022907374735,-5.06298633239659,10.19931689038909
-7.94178958633975,-7.39341350921145,9.81388026434552
-7.39687227230719,-7.55289920861959,9.61963310894146
-7.79308963792936,-6.76289300588977,9.35749509762139
-6.57480863328678,-7.65080375131254,9.92106420850015
-6.23175885507342,-6.29648650355008,9.92475497054622
-7.64041522486935,-7.09819250931518,9.85577399443623
-9.35318634075095,-8.98267159073124,9.55623180558307
-8.92484598275617,-5.5106962399058,9.71248328981826
-8.93389484279914,-4.40774982292378,9.68717671169732
-5.59993220477588,-1.26144119335289,9.46399049371686
-7.8385226807796,-7.31488513972248,9.28150144180378
-8.7995133419155,-8.76021572819274,9.75175980654287
-8.63413726690026,-3.91782146415269,9.5725672998819
-4.93447510301498,-3.63945170607697,10.10602875930884
-8.71611932209489,-2.0968378586887,10.54705614936228
-9.02392895200296,-1.33456923595755,9.41254600131738
-8.07868187905983,-1.17929159236042,9.68524830740879
-6.25670104812552,-7.73733454163412,9.587374930916
-8.2702217577801,-1.43417667537158,9.66911177000982
-8.61284443400819,-6.1620367863311,9.83074906399986
-7.56799233981068,-3.08901691068357,9.75536273730006
-7.17926422163382,-4.62880168619448,9.77154718447108
-7.36623788541932,-7.28453916189415,9.94158572972534
-8.61005011453666,-1.96574028707575,10.0124930360279
-6.94599272535149,-6.16580373247164,9.46717503902525
-8.00095100299748,-0.23092830992076,9.7505678253774
-7.56068744203858,-6.75613783579899,10.15797156529984
-8.53993773261999,-7.27652252000625,9.68246708992866
-9.05062782703672,-6.75656581480087,9.89333764517425
-7.15180796944192,-0.62322512701818,9.86308871564181
-6.95184259281824,-7.47932633325464,9.56081190047397
-8.04437250659421,-2.42147819300767,10.04161571043042
-5.94100193193207,0.48885102670103,9.79408930186018
-9.16106547156596,-4.72315074242461,9.9820945075078
-5.91238751906948,-5.42255539736563,10.00274057664286
-8.7288279739177,-4.4255837595487,9.95318008495643
-9.593893080668,-6.71321920539362,10.06738701406838
-7.6019320114728,3.11760947442001,10.17208602106055
-6.62822997204959,-2.23064603930552,10.04109988482929
-8.47775345795781,-7.61215047969595,10.02343522451886
-7.99291408056038,-6.08415006404595,9.81594208055572
-7.37551759947322,-3.77438005400451,9.77439271309777
-8.8994738431575,-7.47849169428731,9.92903765884488
-9.55607724488246,-7.59512389777601,9.62942123287359
-9.18095842770836,-3.70259745144634,10.00686551079018
-8.50295154425365,-1.2113901820216,9.92429011683077
-8.91499741449744,-1.604949800643,9.79982652866533
-10.11439948157176,-4.34690465506578,9.7990246879584
-8.97385191633035,-4.38626455174379,9.46576803603885
-9.38485276894414,-3.88521221026494,9.66099328114259
-8.4609097127531,-0.94760305507062,10.34266980885914
-9.00317029230558,-6.76986406737216,9.34540646514348
-8.7197997975735,-6.0219568745112,9.62776742657879
-9.70350634761326,-4.92306786232422,9.96411767915493
-7.8638087956219,-4.41617756789075,9.51367305466345
-9.18316732452421,-3.6808463071591,10.35502348147756
-9.49848906409116,-2.84539831309394,9.9650356532763
-8.84554338091474,-1.80840250526063,10.1632247013348
-8.39391798639329,-6.99137765348194,9.68658901441115
-9.4154633184601,-6.82541307628294,10.10339573426076
-9.68261288157263,-4.95721813828022,9.72974979289551
-8.62735054491102,-0.61566697283356,9.93695167164447
-8.54162239162509,-5.35839468384714,9.80232500633613
-6.48161725034748,-3.45306084995527,10.08760850750783
-9.13716248743559,-2.60534006836572,9.81138268908012
-8.95749870500538,-1.96403912704641,10.56495572073108
-9.17272965523892,1.40466006811931,10.03414095347985
-9.67379213166379,-1.11304510420912,9.88157852829056
-8.98468480905719,-0.11299260846362,9.62519949335644
-9.28589590990388,-2.88549471308328,9.90844602349088
-8.45166345807528,1.78862127776963,9.74198971847538
-9.61045641646883,-2.20927563311069,9.46743824155273
-9.22698454026688,-7.39491760844086,9.61879673693582
-9.81135059784292,4.20054282209626,9.67225969256554
-7.64495048706566,-2.03686994826719,10.72635302329265
-9.04513494608298,-0.43220052044151,9.68199140818832
-10.48859337681758,-5.3107290167666,9.515853139434
-9.55934227679329,4.0060749048984,9.9888618932509
-9.59286239184321,-4.77911249764741,9.77933214387942
-9.458868476769,-3.18726709302108,10.27366220539743
-8.90667426966681,-5.47128408086,10.23978126426203
-9.51550982781742,-0.70321575779945,9.22843025025187
-9.28579904225931,-2.13677457377783,9.42086329403711
-9.23891788718552,-6.0984818682707,10.33741308509679
-9.16615016996726,-2.32629770327482,9.69124792787818
-8.636029068821,-1.21725506298438,9.47299804578389
-8.18890764176125,-2.35092720568293,9.48397807545362
-9.99296989954731,-6.34801331023672,9.55706514500494
-7.92904938144405,-0.28615058694994,9.73005783910032
-9.20130733815124,-5.3168128404755,9.91789540508873
-9.55644507389262,0.78652530982608,9.7561498370444
-9.29552802155968,-2.7262509501691,9.47705957096598
-8.87227523353495,0.99071232146806,9.58914161262466
-9.91040906892063,-0.95843115066732,9.43234508816768
-9.09586214980893,-1.27685610265991,9.39494657951465
-9.01960578863841,2.42805113582077,9.78598393114021
-8.27595736272435,-3.32145724815342,10.2941160278986
-9.73800738996099,-4.089507092704,9.5698255557633
-9.25622835688953,0.28335061243095,9.94554272937923
-9.5050554588034,-4.55777645043881,9.55321958764608
-6.04974414648183,1.72238667680654,12.69207866609774
-9.82831029539421,-4.95084690714814,9.97867905451676
-9.78502229946044,2.32738018958483,9.97138735680195
-9.58969820317754,-3.6198066082085,9.62495107802282
-10.05640153501381,-2.83007734711909,9.49576743323711
-9.68296996119796,-4.76734933003692,9.77121185407497
-9.74161834960772,-1.76607535548333,10.19264831335178
-9.5213928642232,-0.79615458245837,9.60154748378935
-9.3238528645566,2.10626445145022,10.3136036801684
-9.6033775297715,-4.09197371707689,9.70094906729876
-9.34209683571212,-1.85965730497995,9.71338623750337
-8.48233327925439,3.79267739730855,9.79834239934389
-9.11478387847724,3.30991573547149,9.72719246060258
-20.33813111822083,-10.16020100838377,12.00108915389637
-9.07867092460969,-0.23580184361669,9.94135137544766
-9.3549929171817,5.54512614952148,10.08497476926673
-9.55164159064358,-3.46326684477915,9.76564641714405
-9.53719089986081,-4.79953412704654,9.43136416176547
-9.77807445489841,-1.17750365385129,9.7532330021403
-9.89156327236152,0.33790710490771,9.92796549744484
-23.44578329764968,1.9977618444263,13.00325033098252
-8.58341770227334,2.93006821247255,9.55574001433708
-9.81517990550346,0.98046850060553,9.66801851521963
-9.78534655982706,-1.041055406394,10.1313019500976
-8.57392885611988,-1.06186336399226,9.7071565491264
-9.44496709773542,-1.74897662000954,9.82259310255886
-9.96245924608274,2.85931595608206,9.85069826518313
-10.33814540503616,-0.28612909282128,9.30857264164081
-8.91789757052367,-2.4405040509848,9.82765246991049
-9.83041512489402,3.62142219447262,9.9632771111509
-9.65008009513316,0.32012183196223,9.29349745592242
-9.50139218627421,-3.13404266364197,9.84803473338026
-9.57773835240439,5.79485567283085,10.12038370197858
-9.67987710810126,3.18119694737864,9.81117086340296
-8.99610720969019,1.30162633325881,9.80685707104621
-9.71619616695548,0.71219438023211,10.03450721610348
-9.318594255938,0.54376614859331,9.85841172763691
-9.57939984260271,0.75216140778295,9.62410705756917
-10.00140935090295,0.70529463612696,9.48511770165112
-9.56005655273542,0.40838156739376,9.55703053203875
-9.69891377083651,1.2887155419459,9.23399694584476
-8.49990484867984,-0.24634654830307,10.42255905669581
-9.61444087807723,2.59561014521939,9.5902476604473
-9.58818139064007,1.64423543537475,9.76199970545138
-9.40222949969062,-0.38422996487179,9.81654141995981
-9.52971543281902,1.34856506618473,9.75820265336493
-9.84421630711465,3.51492235605252,10.19422553239421
-7.67066765598712,-4.56767279648634,9.31067747584435
-9.31678733100118,3.32363009315651,10.33819887569295
-9.48976623240746,-1.58638055448756,9.86189453186542
-9.76245608989966,0.71672400310216,9.97677133913706
-9.42136112203867,-5.33106253981558,9.94653272490016
-9.13032898084757,4.04999901903454,9.9546408192179
-9.47359208318326,0.17692651059768,9.41693241654866
-10.05417016484456,1.11625396825725,9.5505421392191
-9.14962188724264,2.69358147275209,10.73045478052461
-8.93090770189106,-2.97567087890845,10.10323507539404
-9.15341203965117,2.56745114922684,9.5177580276257
-10.04523780656565,4.28653251092693,10.13872182918305
-8.73360949977656,3.15846870561523,10.17494498496566
-8.45252367576526,1.64829414445721,10.05823311878434
-9.33467263976659,3.10568615369118,9.75249082925267
-9.23648187586322,2.73295170011936,9.90742447198517
-8.01630783563696,4.64653620780227,10.01059351338649
-7.9492472808105,5.79092154749253,9.6240464811048
-8.09079220107008,2.07096000198042,9.87215431997483
-9.2840295728694,3.60636743831166,9.41986060667354
-8.68115511873198,1.60333004840577,10.02557372300145
-8.05119659896589,4.26396950492478,9.71849676659698
-8.92762268499173,4.88588038589099,9.91644504829696
-8.08969477721231,2.79383498111828,9.87704710271834
-8.76202674418413,4.6401942956421,10.0540341139092
-7.33626425040869,3.60734502268213,9.72595087765381
-7.91396027922248,3.46803071965089,10.1556056506979
-9.25573062806006,1.17605292120644,9.6224056918625
-9.72443892326221,3.63341901882615,9.19511084493618
-10.17489802889275,1.65212804814074,10.0990438796385
-8.77037282709124,6.0245920679801,9.69012153850968
-9.7816546340045,1.40857449867283,9.95136061942318
-8.29864164927178,4.14194597303578,9.7984592304593
-9.23688819066278,3.30355022810012,10.12266989189068
-7.20660346293522,4.74516474564217,9.63873928265226
-9.09848380730376,3.88209306326699,9.61538719630746
-8.88868305382316,1.83259340360063,9.78665415124552
-10.18640007929423,7.05715400296669,10.01864189550212
-6.62076918180072,1.28064126016519,9.88519561962905
-6.51110772710621,6.05394212010931,9.80628010108966
-8.66072495609002,-0.69742721856174,9.766080627607
-9.39550255998523,3.34582239024721,9.91717533721094
-9.0948115208528,7.36372460017564,10.25150404381209
-16.10458613189038,6.81451674577474,10.97747511629427
-9.35189225236298,4.56591867774856,9.89161138384981
-6.00400230231606,7.97228242519784,9.80043278846669
-6.23335492706128,4.83749975741738,10.12328646849645
-9.20353994040209,4.98683495327657,10.1177219270069
-9.17938900873927,5.99113101031435,10.20616504702852
-7.46248116069054,1.15224135489752,9.45227123564635
-9.30277412291388,3.05470092260962,9.55936768834007
-8.52059659836587,5.17549050261665,9.994526100915
-7.90472589379842,0.56180125826842,10.04786733060495
-8.76926360623887,7.26469897959405,9.54791577408582
-7.40020522972967,6.49448569054008,9.85891418127588
-6.44598045126818,6.98330368358763,9.4470927210044
-7.61507752381522,7.9672765722729,9.98873239689318
-9.97110615158166,6.67117407805305,9.91304179038905
-8.12943074209039,5.04726736932362,10.00191849858018
-8.96749322019047,1.14957415541963,9.73610243173112
-5.37361687984101,3.67120683354571,9.79482857464307
-7.19973882801276,3.5660458326548,9.77241203647164
-7.62874573281161,6.45764101118377,10.11030508815669
-7.61719299262726,5.27602553747512,9.96213508391028
-7.56961420743241,1.15535038080411,9.88638211755634
-6.3193367804194,7.65943552891775,10.39263005926942
-8.64802402380998,8.11033250522458,10.03312931893513
-6.23491259988217,8.38089551342021,10.05549946871042
-5.53260105982188,3.01887088960152,9.75430436589345
-8.04151163018706,6.93953284985354,9.86999786722949
-7.46270827004664,3.14996901652992,9.66032343425332
-7.41044376065411,8.72486785662286,9.99851863490223
-8.79241262999824,6.07071363417332,10.14218059089207
-8.81411810202882,4.81410182481468,9.61583734542102
-8.02455083697424,4.46927141277457,9.31526968159042
-7.93173604441055,6.79397252992062,9.61619337945298
-7.16314904781684,7.03754819464017,9.66685850429902
-8.01761038806332,1.72351542626174,9.86745993855047
-3.91496131751067,8.41130326705404,10.30208266648995
-5.39796686516401,6.69831389804039,9.96695007869246
-6.96856924426391,8.42860776239702,9.73206608445277
-7.28372932462969,9.24915088859284,10.06540616140631
-7.6378185758649,6.34460129380035,9.83697162489492
-5.21435539104091,7.6684265575163,9.72147107465204
-6.2324097425522,4.83960590098049,9.41461531745708
-5.72080950057731,5.37369864848499,9.74166371157075
-7.14647445197919,8.97516056799492,10.13100401466696
-7.89530681924584,4.80636585742182,9.79876594527842
-8.59914975175211,7.02935403688551,9.92376606565444
-6.42356196265834,4.04377347105277,10.53186168573871
-8.20562682579367,5.28101559045166,9.74710001878177
-6.72635994608125,5.88949206734755,9.72507263731443
-6.85180952064847,9.1922353594911,10.12315401223988
-6.70746421685203,7.29049325588281,9.7691976904252
-5.52012416050203,8.31082251294731,9.34674663353262
-4.24023895586444,2.68135867586389,10.06203948959065
-6.56359078384194,6.98080540281057,9.92946981345791
-7.71735560039891,5.9020394931553,9.78490016816028
-6.63251322130335,8.10765130860682,9.71705287014002
-7.67338501742955,8.88605224806594,9.66246832303181
-7.37006475993141,1.1807793479349,9.561095680218
-6.00155634532545,7.12121589760898,9.70219700751492
-6.91446702891388,9.57795662691272,9.53936439369873
-6.48300222722976,5.76334102593771,9.46895113481922
-7.35682329655138,7.39055772050229,9.53459402255122
-5.76835086013767,8.65730708834024,9.6753697386517
-6.32322815410146,2.20444944390881,9.8172940204587
-9.04168304504858,7.95900181614607,9.88544738972217
-3.57554179825586,5.47580112634465,9.68790194341761
-5.02480392258226,10.05666126304013,9.83771879589184
-8.34594236686614,6.76881516543277,10.39447148971781
-4.40867465392451,6.39388380108973,10.15589268515922
-3.07893150096257,9.01502646773537,9.7128856194508
-6.33570483644365,8.47801348323854,10.3000770295537
-6.08589125102078,8.84793355484155,9.95775875932401
-6.13834284653632,9.46494189723783,9.84211229536949
-4.94807331557033,6.3771078477362,10.0188756917557
-4.15395364324161,9.13007326635961,9.66641244634377
-6.96426149176078,9.35937254834912,8.87848764985444
-6.18369274611706,6.36188117108413,9.51159214917217
-4.89682465581451,6.36427308638064,9.94590253944326
-5.25838570800678,7.97842137730957,9.8171847178818
-4.68718350102025,7.60874587509698,10.15790175689826
-4.83775659206703,9.5395360634292,9.3388297878614
-6.81449892122965,6.25382151034151,9.00997441217633
-3.22409316786696,8.30155227130417,10.15540878059392
-6.49408214250195,6.29902956877984,9.55489026221049
-5.70997372630531,8.91065035581079,9.96762521239894
-5.32987020358679,9.37063302490927,9.81727919607697
-4.02717407111232,10.04786984841112,9.69981357745661
-5.96125184917914,8.53853780455724,10.29385245899959
-3.53272991757502,9.42357230110582,9.00688157637333
-3.18364410137154,8.94523267431099,10.32468761681754
-5.68658561833945,7.407280988189,9.90012693172482
-3.81398997498558,10.33394481333394,9.789319291199
-4.29083132848612,9.5020174785367,10.48334036247606
-4.8847340960153,9.44787541437802,9.23748904896277
-8.01793744988584,7.86766623656835,9.7588089839989
-4.19868379190767,7.91900714472372,10.31146534444846
-3.35085578038728,9.01561461712211,9.60326796799115
-2.48432466895434,9.04557470382641,9.92056203109951
-5.26296090508216,9.64926250725966,9.60032025332266
-12.43210742946482,7.53085986749451,17.58744957181516
-5.78700158456517,7.06636837962449,10.18661074249066
-7.83722635880179,6.50482557673128,9.90001818123426
-4.82012719763791,9.4942974952033,10.02263789558957
0.79683844086792,6.32695702857402,10.29520753864042
-1.46599874723377,8.05168726773628,9.4785369715754
-5.16711712579473,7.54893635339803,9.70505679933819
-4.73160400581468,6.82046019721312,9.96795488603682
-5.26918164792642,8.03424865128608,10.15809875915779
-1.28955517268499,8.3300292128162,9.50139804711256
0.19016573857706,8.05389489209094,9.67536215249561
-3.60321281497589,10.00239494862851,9.42229062021016
-3.567756335347,4.04835404020292,9.89032108900512
-2.55188958016883,7.23294371888509,10.08384623190774
-3.70185308163843,8.90983413531844,9.96529641358125
-2.89843565211078,7.36934587679281,9.55814962803503
-3.41729969247338,9.75114832168925,10.39142145005738
-2.53181438816038,8.62792625545584,9.77221815109415
-6.88925158301216,8.39347387302641,9.61585242219488
-4.01983865284262,9.9247007433216,10.03383258760757
-4.94772848408655,9.5153875329752,9.5151490223467
-1.99182534381607,9.46291746416125,9.07221571825542
-5.13619724294225,9.6638740104494,9.57301876042295
-5.79878785035202,8.96186686781664,9.74665673319056
-5.85596436380618,9.76591219366781,9.71918875326764
-2.45383139378112,9.40269532964895,10.06095620715098
-4.71702364305541,8.86162288896798,9.78371070369768
-3.06752842108855,8.1559906541233,9.84658248547855
-0.36747494878301,8.84052029665758,10.00358133689897
-1.92611394536907,6.10243745127013,10.04156125331867
-3.68440269354184,9.83101382055831,9.95920719176329
-4.5556171295923,9.63748367394864,10.12969837336266
-1.97864083886873,8.6140297819931,10.32596544929617
-2.20193917666521,9.26173204904684,9.81892766901345
-1.68396324827156,8.19807686312781,10.08338131123354
-6.4834283133929,9.63896058568885,9.65554391897024
0.12471326494622,9.07472749244718,9.76940353938282
-5.67353340808211,8.12575976354004,9.7478968170913
-3.00248194036454,9.87239320894404,9.57690917309122
0.65396795591654,8.58894466183491,10.09571545838639
-6.43426725605066,8.6456233405346,10.06576168513324
-2.30238490369756,8.60812305137391,9.8374264105976
-2.45467626207295,9.00703284872017,10.22462311506202
-1.93468786824013,10.03918059053801,9.78284343607752
-1.38132127205593,9.42237315849328,9.57156963528536
-1.20030194385551,8.88646118152127,9.94145436729187
-3.73011080086344,9.09061997259764,9.43926088323443
-1.31802487573964,9.84436567950626,9.61661878262299
-1.48305846986214,9.26238361578701,9.87877248520038
-2.07748221768513,10.40575882841693,9.6765101327677
2.47667915507495,10.1131176584963,10.54426644563566
1.06056677856396,9.00657406066218,9.67697958720726
1.98565616654471,7.5359636671459,9.82151627963798
-0.62409316633387,9.4022781954649,10.00136418250049
1.66414259236017,6.76749315201926,9.68703932370119
-2.75479886831984,9.66799842060748,9.63310820548879
-1.81985628732648,8.80644536432466,9.83984228842664
-2.73366196966672,9.07601493127383,10.03139044203613
-1.86212263162439,9.74590075873482,10.15257343565395
-1.1515193044137,8.85776126601613,9.81955174895481
-0.57710381882184,7.29426479345767,9.59654295292969
-0.08171995094853,9.33490327158199,10.24391696056782
2.0239581212646,9.49031854478918,9.55061900778043
-4.0187851132871,8.96568576284536,9.57750948264872
-2.8080524233997,8.23721083255372,9.94694257122797
-4.9989859874416,9.05578267425092,10.32073302823815
-4.46993824154747,13.43118303461654,0.72452259079502
-1.27754009612995,9.83873147132623,9.48082132840527
-2.1113216687719,9.62559518338417,10.01303667824521
-2.49332418324622,9.65392350555753,9.54689168812381
-0.15851062990011,9.31174931841152,10.25372105914982
-0.59002846931012,9.25996209745966,9.81863123853411
-2.10030487315873,8.05653989890708,10.22242915940524
0.37591207625046,9.76229661888867,9.65333392828062
-1.2109693412357,7.28462062903456,10.14741729330476
1.95239603906852,8.9881433450259,9.78274172752093
